"","LocusName","He","FST","T1","T2","FSTNoCorr","T1NoCorr","T2NoCorr","meanAlleleFreq","indexOrder","GoodH","qvalues","pvalues","pvaluesRightTail","OutlierFlag"
"417","1_17239",0.1083875,0.0611225971765597,0.00331989798852514,0.0543153946638627,0.0785926487816317,0.00426907378160536,0.0543189960866047,0.0575,417,"goodH",0.00608932873703309,0.000104703390048533,5.23516950242664e-05,TRUE
"544","1_21786",0.315168,0.12469567521132,0.0197320817696415,0.158241909642831,0.144231755655486,0.0228252011656632,0.158253645751798,0.804,544,"goodH",1.17083730625031e-12,7.54951656745106e-15,3.77475828372553e-15,TRUE
"546","1_21818",0.3059355,0.133374390321586,0.0204925569366509,0.153646864943414,0.153212523363358,0.023542396844113,0.153658436838613,0.8115,546,"goodH",4.13236696323637e-14,2.22044604925031e-16,1.11022302462516e-16,TRUE
"550","1_21929",0.3663555,0.16380182376286,0.0301659080764098,0.184161002505575,0.184671915520782,0.0340120600719636,0.184175595818391,0.7585,550,"goodH",0,0,0,TRUE
"551","1_21930",0.3663555,0.16380182376286,0.0301659080764098,0.184161002505575,0.184671915520782,0.0340120600719636,0.184175595818391,0.2415,551,"goodH",0,0,0,TRUE
"569","1_22917",0.1472,0.0683842463170111,0.00504547585432262,0.0737812599547145,0.0860134896340887,0.00634660827303778,0.0737861967935143,0.92,569,"goodH",0.00083077261033182,1.07135834364058e-05,5.35679171820291e-06,TRUE
"610","1_24649",0.1206795,0.0590645766977091,0.00357188268189148,0.0604741942056451,0.0782545806111394,0.00473272738159399,0.0604785987559212,0.9355,610,"goodH",0.0063375914931388,0.000115782921509267,5.78914607546333e-05,TRUE
"693","1_27702",0.4978875,0.0631518405227764,0.0157577460528584,0.249521564572218,0.0812697249538433,0.0202799433818315,0.249538722978936,0.4675,693,"goodH",0.00310542125690796,4.67218356525745e-05,2.33609178262872e-05,TRUE
"1277","2_52204",0.1361955,0.0699715666306521,0.00477675809858572,0.0682671309018996,0.0867342629232184,0.00592147599887019,0.0682714742628549,0.9265,1277,"goodH",0.000721325442995431,8.52698063269486e-06,4.26349031634743e-06,TRUE
"2041","3_81284",0.2209955,0.0605319228694011,0.0067040455331857,0.110752231473793,0.080956067116888,0.00896676011946093,0.110760816808385,0.8735,2041,"goodH",0.00318876963347984,5.14026779152577e-05,2.57013389576288e-05,TRUE
"2043","3_81391",0.3318,0.0621877054771292,0.0103414017476524,0.166293347990716,0.0833573651207487,0.0138628891008571,0.166306709440441,0.21,2043,"goodH",0.00176061298334281,2.45967990319951e-05,1.22983995159975e-05,TRUE
"2055","3_81633",0.2012355,0.0755075308092727,0.00761820228905703,0.100893277894362,0.0956869356160596,0.00965490803524013,0.100901005691938,0.8865,2055,"goodH",5.32208660291841e-05,4.5755495681199e-07,2.28777478405995e-07,TRUE
"2062","3_81730",0.42,0.152231117551513,0.0321308266750802,0.211066089455774,0.175110679368277,0.0369631369804865,0.211084424512734,0.7,2062,"goodH",0,0,0,TRUE
"2063","3_81785",0.414302,0.145207497017495,0.0302262051030868,0.20815870890912,0.167936857086037,0.0349605360490075,0.208176672206606,0.293,2063,"goodH",0,0,0,TRUE
"2068","3_81872",0.284832,0.0787629566275333,0.0112492488125411,0.142824105318168,0.100155389651551,0.0143057654447095,0.142835702546617,0.828,2068,"goodH",1.33504012586125e-05,1.00430054716938e-07,5.02150273584689e-08,TRUE
"2069","3_81917",0.2822,0.0736196109488748,0.0104159713752486,0.14148365144828,0.0952131416994431,0.0134722070605594,0.141495247610743,0.17,2069,"goodH",5.5444084009618e-05,5.36252170002527e-07,2.68126085001263e-07,TRUE
"2168","3_86144",0.215742,0.0695936613809847,0.00752606150799673,0.108142916447461,0.0880921578599173,0.00952721174123924,0.108150509338064,0.877,2168,"goodH",0.000514533843678827,5.52949266396929e-06,2.76474633198465e-06,TRUE
