index	ave	chr	fst	pos	ch_num	idx	log_bf
6804	9.470158600000001	NW_022145612.1	0.1	757345	1	668	0.9763572523430892
6818	2.86165	NW_022145611.1	0.1	36506506	2	1348	0.4566165153902805
6840	1.2448080000000001	NW_022145599.1	0.1	23380763	7	3359	0.09510237073228703
6769	1.686525	NW_022145601.1	0.1001	22443666	12	4661	0.22699278328482644
6736	4.5751219999999995	NW_022145615.1	0.1001	23388979	4	1946	0.660402679434238
6758	1.259362	NW_022145610.1	0.1001	514836	15	5570	0.10015058475825188
6675	13.0298864	NW_022145596.1	0.1003	18254831	6	2722	1.1149406293681328
6618	1.0080759999999998	NW_022145605.1	0.1004	37884162	10	4134	0.0034932753003784306
6636	1.7188280000000002	NW_022145594.1	0.1004	10053970	19	6390	0.23523241980034978
6553	1.289988	NW_022145611.1	0.1005	25488032	2	922	0.1105856703317895
6507	1.810508	NW_022145614.1	0.1006	18107084	5	2397	0.25780044815230096
6467	1.6701501999999997	NW_022145612.1	0.1007	26967552	1	195	0.22275552988884928
6476	33.6315796	NW_022145611.1	0.1007	16537578	2	933	1.5267472656331948
6410	2.031194	NW_022145611.1	0.1008	2840300	2	1079	0.3077514049931077
6419	1.0076892000000002	NW_022145607.1	0.1008	19231291	9	3781	0.003326603995941014
6421	2.2474164	NW_022145606.1	0.1008	17650804	21	6756	0.35168354570272675
6352	1.9837756	NW_022145612.1	0.1009	174556	1	223	0.2974925442327217
6252	1.963582	NW_022145600.1	0.1011	24624442	8	3435	0.29304904230310963
6154	2.1285179999999997	NW_022145615.1	0.1012	8961586	4	2199	0.328077327178234
6115	3.3440936	NW_022145612.1	0.1013	3209692	1	455	0.52427842468642
6136	9.1417856	NW_022145603.1	0.1013	4347417	17	5933	0.9610310316734185
6059	1.9488919999999996	NW_022145612.1	0.1014	48803937	1	473	0.2897877728766595
6016	5.456678	NW_022145604.1	0.1015	10258804	18	6298	0.7369283267079816
5991	5.8992328	NW_022145613.1	0.1015	739412	3	1621	0.7707955349656291
5975	4.412566	NW_022145596.1	0.1016	31567426	6	2931	0.6446912143100866
5955	1.9869044000000002	NW_022145612.1	0.1016	55843927	1	318	0.2981769715127908
5978	2.8484448	NW_022145596.1	0.1016	17800857	6	2938	0.4546078076832776
5969	1.8951880000000003	NW_022145603.1	0.1016	12301518	17	6104	0.2776522978464721
5889	1.03322	NW_022145600.1	0.1018	4707142	8	3446	0.014192804204310289
5878	1.328035	NW_022145607.1	0.1018	4033823	9	4001	0.12320952089537589
5824	1.1336243999999998	NW_022145611.1	0.1019	19057013	2	1193	0.05446918504402248
5812	2.077724	NW_022145612.1	0.1019	9255873	1	356	0.31758785638864445
5719	1.6474536	NW_022145615.1	0.1021	23835039	4	2155	0.21681319167409932
5655	1.008882	NW_022145604.1	0.1023	12059621	18	6283	0.0038403736247330273
5621	12.650201999999998	NW_022145615.1	0.1023	31748877	4	2227	1.1020974604355456
5662	1.1562558	NW_022145599.1	0.1023	23124379	7	3271	0.06305392425664784
5659	1.3743302	NW_022145600.1	0.1023	35217330	8	3419	0.1380910899354958
5631	1.1738308000000002	NW_022145613.1	0.1023	11131815	3	1523	0.06960550072581843
5615	1.1664620000000003	NW_022145595.1	0.1024	2040954	11	4540	0.06687059528654583
5603	1.1858720000000003	NW_022145600.1	0.1024	36972808	8	3450	0.07403781491890109
5539	1.747572	NW_022145612.1	0.1025	50840920	1	427	0.24243507772732834
5437	1.535644	NW_022145613.1	0.1027	10660064	3	1416	0.18629054723505323
5383	2.1728984000000002	NW_022145614.1	0.1028	999184	5	2588	0.3370394201304998
5390	6.173186	NW_022145611.1	0.1028	24063677	2	1307	0.7905093625910651
5354	9.172124400000001	NW_022145605.1	0.1029	26866163	10	4101	0.9624699363617797
5335	1.196586	NW_022145614.1	0.1029	5729218	5	2541	0.07794391731071165
5285	1.461146	NW_022145614.1	0.103	1857374	5	2685	0.1646936134882935
5280	1.012378	NW_022145594.1	0.1031	42115764	19	6342	0.005342698929504485
5242	3.153844	NW_022145599.1	0.1032	18837836	7	3189	0.49884020782144395
5222	3.6187646	NW_022145613.1	0.1032	30507721	3	1415	0.5585603332474409
5157	6.533471999999999	NW_022145613.1	0.1034	28246784	3	1364	0.8151440342177942
5129	7.3068072000000015	NW_022145609.1	0.1035	21350402	14	5366	0.8637276480485439
5123	1.0642661999999998	NW_022145611.1	0.1035	31249137	2	978	0.027050269623954053
5089	2.1096562	NW_022145604.1	0.1036	11406197	18	6159	0.3242116862889716
5097	4.6264899999999995	NW_022145601.1	0.1036	4613348	12	4771	0.6652516277918182
5112	2.7572068	NW_022145544.1	0.1036	1891925	38	6826	0.44046934090833634
5063	10.557613	NW_022145598.1	0.1037	370846	16	5833	1.0235657384525052
5057	1.1814788	NW_022145602.1	0.1037	26481958	20	6584	0.07242593322558659
5002	1.7541820000000001	NW_022145611.1	0.1038	21603758	2	1123	0.24407465031576878
5013	3.362846	NW_022145602.1	0.1038	261395	20	6548	0.5267069794521347
4982	5.4015386	NW_022145606.1	0.1039	43488206	21	6707	0.7325174839550798
4987	1.1025502	NW_022145600.1	0.1039	1069394	8	3640	0.042398372368141174
4948	3.16636	NW_022145605.1	0.104	19181283	10	4077	0.5005602905406299
4919	206.9201262	NW_022145605.1	0.1041	1462604	10	4074	2.3158027346121024
4908	1.243726	NW_022145611.1	0.1041	33840844	2	1021	0.09472471331709348
4895	10.113806	NW_022145595.1	0.1042	4888218	11	4371	1.0049146188696378
4853	1.10208	NW_022145600.1	0.1043	18332069	8	3613	0.04221312110152311
4736	3.776544	NW_022145609.1	0.1046	31689408	14	5353	0.5770945489685458
4726	1.1987999999999999	NW_022145611.1	0.1046	36140865	2	1093	0.0787467342736071
4723	1.2741740000000001	NW_022145612.1	0.1046	19778074	1	609	0.10522873889408896
4720	22.820651599999998	NW_022145612.1	0.1046	558648	1	616	1.3583280407063985
4671	3.182564	NW_022145607.1	0.1048	14587448	9	3894	0.5027771458896738
4664	7.237018800000001	NW_022145611.1	0.1048	4710536	2	965	0.8595597008180744
4625	1.357124	NW_022145612.1	0.1049	49951258	1	110	0.13261953082512926
4616	1.6238839999999999	NW_022145596.1	0.105	3103923	6	2797	0.21055500276278796
4568	1.28449	NW_022145605.1	0.1051	37799554	10	4150	0.10873072755002994
4579	898.3258051999999	NW_022145598.1	0.1051	35295448	16	5776	2.9534338753517426
4525	7.800913200000001	NW_022145612.1	0.1052	19767533	1	302	0.8921454455759248
4535	1.0972442	NW_022145603.1	0.1052	14597037	17	5909	0.040303293855445635
4485	3.4968326	NW_022145595.1	0.1054	26923558	11	4588	0.5436748423074124
4454	1.4340077999999998	NW_022145613.1	0.1054	27784794	3	1673	0.1565515135965972
4472	1.39202	NW_022145602.1	0.1054	158487	20	6631	0.14364547509296288
4433	1.2758720000000001	NW_022145599.1	0.1055	4518253	7	3121	0.10580710660922828
4379	2.6910326	NW_022145609.1	0.1056	35661231	14	5376	0.42991895897310145
4381	1.1954379999999998	NW_022145607.1	0.1056	40825110	9	3821	0.07752705685822142
4385	3.9406939999999997	NW_022145605.1	0.1056	5327319	10	4054	0.5955727126450933
4339	1.2708064000000001	NW_022145612.1	0.1057	52464431	1	232	0.10407939334246051
4332	50.509326	NW_022145598.1	0.1058	35434738	16	5781	1.7033715732948917
4317	2.351244	NW_022145611.1	0.1058	22758078	2	1294	0.3712977003095395
4302	23.615934	NW_022145596.1	0.1059	13052589	6	3020	1.3732051264117544
4289	2.2795604	NW_022145611.1	0.1059	40245699	2	1328	0.3578511039032744
4218	1.3944286000000001	NW_022145614.1	0.1061	6970008	5	2533	0.1443962816570177
4186	2.3122160000000003	NW_022145612.1	0.1062	36092647	1	751	0.3640284020782267
4160	1.6209952	NW_022145611.1	0.1063	2908422	2	1197	0.20978172884197607
4127	1.0203535999999997	NW_022145612.1	0.1064	53406436	1	715	0.008750701092067284
4104	2.5580123999999995	NW_022145611.1	0.1065	30467452	2	847	0.40790264539616244
4082	5.981556	NW_022145606.1	0.1066	27216843	21	6677	0.7768141730038288
4061	1.6321780000000001	NW_022145600.1	0.1067	112956	8	3585	0.21276751973790484
4067	1.211824	NW_022145596.1	0.1067	32319568	6	2757	0.08343954938542544
3925	3.315518	NW_022145604.1	0.1071	1882371	18	6172	0.5205513900460835
3935	11.823236	NW_022145597.1	0.1071	1832731	13	4925	1.0727363584911946
3905	1.07823	NW_022145602.1	0.1072	10304077	20	6660	0.03271141119990954
3884	1.116716	NW_022145596.1	0.1073	988191	6	2835	0.04794273863465883
3830	1.781298	NW_022145601.1	0.1075	22564168	12	4656	0.2507365802883116
3775	5.823684	NW_022145601.1	0.1077	28258505	12	4708	0.7651978016106922
3757	1.4496490000000002	NW_022145614.1	0.1077	15883443	5	2623	0.1612628602926967
3741	1.0639379999999998	NW_022145607.1	0.1078	42475602	9	4009	0.026916320588339353
3719	55.440960000000004	NW_022145605.1	0.1079	26427256	10	4231	1.7438307417894097
3644	2.6703112000000004	NW_022145612.1	0.1081	1309378	1	391	0.4265618773073021
3640	1.0643774	NW_022145613.1	0.1081	36739711	3	1361	0.027095644572049275
3642	2.70476	NW_022145613.1	0.1081	11206126	3	1408	0.43212873513580746
3610	1.180742	NW_022145614.1	0.1082	25465185	5	2333	0.07215501173963292
3601	11.0549392	NW_022145600.1	0.1083	11477340	8	3529	1.0435563583867262
3590	1.231806	NW_022145607.1	0.1083	17958288	9	4010	0.0905423151630236
3579	2.6156987999999997	NW_022145613.1	0.1083	1977780	3	1534	0.4175877331426447
3593	1.1136186000000001	NW_022145604.1	0.1083	12131952	18	6145	0.04673647604693183
3540	1.686798	NW_022145613.1	0.1084	36447729	3	1598	0.2270630774095328
3514	3.7882480000000003	NW_022145613.1	0.1085	4403936	3	1571	0.5784384026189726
3511	45.083937	NW_022145615.1	0.1085	31771012	4	2277	1.6540218342311523
3474	2.713888	NW_022145611.1	0.1087	36503238	2	1340	0.43359192070557284
3407	6.2628965999999995	NW_022145595.1	0.109	5746602	11	4389	0.7967752415879237
3394	1.843898	NW_022145604.1	0.109	2132194	18	6255	0.2657368932564598
3327	1.786674	NW_022145611.1	0.1092	25567811	2	885	0.25204531752142734
3343	2.262792	NW_022145595.1	0.1092	19986013	11	4432	0.35464463464235213
3279	1.072654	NW_022145599.1	0.1094	6771915	7	3098	0.030459656613344363
3264	1.1519840000000001	NW_022145615.1	0.1094	21718961	4	1895	0.06144644717750072
3257	1.3924340000000002	NW_022145600.1	0.1095	33980438	8	3647	0.14377461920296283
3228	1.802342	NW_022145611.1	0.1096	13010544	2	1273	0.2558372031913388
3238	1.7636519999999998	NW_022145594.1	0.1096	8649784	19	6497	0.2464128952008541
3174	2.4049120000000004	NW_022145611.1	0.1098	37001042	2	955	0.3810991893944121
3140	1.7296536	NW_022145614.1	0.1099	19549054	5	2466	0.23795913511035913
3108	10.3631046	NW_022145614.1	0.1101	12434104	5	2458	1.0154898817280866
3060	1.1792644000000003	NW_022145601.1	0.1104	29623236	12	4652	0.071611188120925
3018	1.4266079999999999	NW_022145596.1	0.1106	2282930	6	2759	0.15430465508780025
3021	4.665688000000001	NW_022145595.1	0.1106	18853648	11	4378	0.6689156936500249
3017	3.2131860000000003	NW_022145597.1	0.1106	384628	13	5045	0.5069358660543472
3006	1.205894	NW_022145609.1	0.1106	27350255	14	5409	0.0813091343063657
2983	1.8239429999999999	NW_022145610.1	0.1107	14998659	15	5434	0.2610112620777756
2953	2.175666	NW_022145612.1	0.1108	6445724	1	571	0.33759222490000096
2890	1.045876	NW_022145610.1	0.1111	4994286	15	5522	0.019480197238682582
2850	2.866282	NW_022145612.1	0.1113	51599513	1	640	0.4573189163540766
2816	2.6050899999999997	NW_022145600.1	0.1115	30229724	8	3576	0.41582273179223733
2776	1.1856452	NW_022145614.1	0.1116	29790730	5	2321	0.0739547474304628
2794	1.248135	NW_022145598.1	0.1116	6111517	16	5899	0.0962615617760567
2747	1.2668468000000002	NW_022145596.1	0.1118	30995676	6	2990	0.10272409875286187
2713	2.439616	NW_022145614.1	0.1119	24820545	5	2489	0.38732147297592584
2719	108.19869200000001	NW_022145611.1	0.1119	8058249	2	905	2.034222010672437
2712	1.9212713999999997	NW_022145614.1	0.1119	25742936	5	2484	0.2835887179054086
2700	1.051646	NW_022145603.1	0.112	26402710	17	5911	0.02186957430503902
2689	1.04143	NW_022145613.1	0.112	11435359	3	1532	0.01763008404333927
2666	3.688026	NW_022145611.1	0.1121	31120249	2	1343	0.5667939740997933
2614	1.9995179999999997	NW_022145614.1	0.1123	26522398	5	2479	0.3009253180796868
2580	1.8080105999999998	NW_022145611.1	0.1125	17943033	2	1212	0.25720097232740496
2589	2.9588188000000004	NW_022145595.1	0.1125	3919475	11	4458	0.4711183694966545
2581	9.662471200000002	NW_022145609.1	0.1125	22377852	14	5387	0.9850882124684545
2545	1.3362500000000002	NW_022145615.1	0.1126	21763743	4	2027	0.12588771821683448
2552	1.655264	NW_022145612.1	0.1126	20782055	1	158	0.21886726977313106
2520	1.378609	NW_022145594.1	0.1128	31701293	19	6379	0.139441109380552
2501	4.2339801999999995	NW_022145611.1	0.1128	18531773	2	1262	0.6267488227313742
2465	1.054752	NW_022145594.1	0.1131	28410511	19	6392	0.02315035755535522
2346	3.6980779999999998	NW_022145613.1	0.1137	22780869	3	1485	0.5679760670752743
2360	2.2923962	NW_022145595.1	0.1137	18848192	11	4472	0.3602896798762725
2351	2.706575	NW_022145610.1	0.1137	8946656	15	5645	0.4324200660233659
2349	2.108074	NW_022145611.1	0.1137	30244683	2	1214	0.32388585190463876
2343	3.9610980000000007	NW_022145613.1	0.1137	2846918	3	1506	0.5978155872497187
2330	1.275248	NW_022145615.1	0.1138	10834454	4	2059	0.10559465108999579
2311	2.4672732	NW_022145614.1	0.1139	27521633	5	2498	0.39221724137592395
2305	2.0380220000000002	NW_022145595.1	0.114	14556350	11	4480	0.3092088678092852
2287	3.5745220000000004	NW_022145612.1	0.114	6735042	1	25	0.5532179743491789
2293	1.366179	NW_022145607.1	0.114	18206286	9	3839	0.1355076053625587
2214	309.935024	NW_022145606.1	0.1144	50669382	21	6778	2.4912706561697853
2212	10.698846000000001	NW_022145607.1	0.1144	251710	9	3833	1.0293369362964169
2148	1.01724	NW_022145615.1	0.1147	6303603	4	1968	0.007423429204933871
2142	1.202416	NW_022145605.1	0.1148	25362247	10	4263	0.08005474657542405
2112	7.599172	NW_022145614.1	0.1149	1650196	5	2628	0.8807662744622455
2115	1.047996	NW_022145613.1	0.1149	30548156	3	1439	0.02035962503201808
2092	1.1322899999999998	NW_022145599.1	0.1151	37424752	7	3243	0.05395767179034845
2026	2.1999420000000005	NW_022145613.1	0.1155	17132385	3	1570	0.34241123108948174
1998	11.891978	NW_022145595.1	0.1157	5758881	11	4466	1.0752540970946693
1987	1.3333660000000003	NW_022145596.1	0.1158	11578273	6	2811	0.12494937669276616
1959	2.224944	NW_022145607.1	0.116	18195781	9	3865	0.3473190846216482
1939	1.8060499999999997	NW_022145615.1	0.1161	3033359	4	2152	0.2567297694678021
1928	6.717501200000001	NW_022145602.1	0.1162	29943291	20	6537	0.8272077526866474
1911	1.174078	NW_022145599.1	0.1163	23326218	7	3261	0.06969695027132299
1853	1.255076	NW_022145611.1	0.1166	15778003	2	992	0.09867002492563753
1835	1.066306	NW_022145611.1	0.1167	2430595	2	982	0.02788185294683062
1815	1.022954	NW_022145614.1	0.1168	7657294	5	2368	0.00985610487996652
1741	144.295888	NW_022145614.1	0.1173	20134805	5	2450	2.159253955179741
1717	1.5832570000000001	NW_022145614.1	0.1175	2674700	5	2414	0.19955141683493383
1659	1.052698	NW_022145599.1	0.118	17962485	7	3155	0.022303797828401035
1596	1.33047	NW_022145603.1	0.1184	17542150	17	6118	0.12400508634223979
1560	1.0490552	NW_022145609.1	0.1187	28018038	14	5232	0.02079834083862323
1510	1.6977160000000002	NW_022145594.1	0.1192	4251165	19	6330	0.2298650416507887
1453	1.366724	NW_022145598.1	0.1198	35253936	16	5695	0.13568082080106855
1427	1.1430242	NW_022145598.1	0.12	19838022	16	5693	0.05805542533421758
1401	1.5940457999999997	NW_022145607.1	0.1203	28451695	9	3986	0.2025007953546478
1392	2.012382	NW_022145613.1	0.1204	10781998	3	1664	0.3037104240703099
1362	1.422128	NW_022145596.1	0.1208	27264051	6	2927	0.1529386872460025
1342	18.826096000000003	NW_022145606.1	0.1211	27342706	21	6770	1.2747602689575521
1279	5.6031759999999995	NW_022145613.1	0.1217	4434873	3	1645	0.7484342642002738
1274	1.6701739999999998	NW_022145607.1	0.1218	6035	9	4000	0.222761718634642
1248	1.42942	NW_022145604.1	0.122	22703708	18	6247	0.15515985432095672
1228	1.462528	NW_022145614.1	0.1221	18968401	5	2501	0.1651041893723986
1236	3.665014	NW_022145600.1	0.1221	17937936	8	3518	0.5640756379433497
1186	43.723321999999996	NW_022145615.1	0.1225	2824733	4	2169	1.6407131512525037
1183	1.320916	NW_022145612.1	0.1226	10725871	1	428	0.12087520073610096
1156	1.0589000000000002	NW_022145610.1	0.1229	6761143	15	5500	0.024854948305017915
1124	1.39277	NW_022145600.1	0.1232	20174562	8	3473	0.14387940358976348
1129	1.77631	NW_022145595.1	0.1232	1992264	11	4423	0.2495187607335967
1049	1.4170018	NW_022145601.1	0.1242	20362611	12	4779	0.15137040192676238
1027	1.481774	NW_022145604.1	0.1244	21313323	18	6278	0.17078197014972962
1012	1.085811	NW_022145613.1	0.1245	8664090	3	1713	0.03575423703885659
996	5.171532399999999	NW_022145612.1	0.1248	54977313	1	82	0.7136192499128544
971	1.2119078	NW_022145598.1	0.1253	3782368	16	5745	0.08346958066000626
964	2.7014766000000003	NW_022145613.1	0.1253	33670733	3	1724	0.4316012100632991
931	2.0327854	NW_022145615.1	0.1258	19211941	4	1883	0.3080915328361903
921	4.404668	NW_022145612.1	0.1259	55844087	1	28	0.6439131792175727
915	1.0032444	NW_022145605.1	0.126	3913257	10	4188	0.0014067442285662572
884	1.082504	NW_022145615.1	0.1264	19027133	4	2089	0.03442950980574302
854	2.2809470000000003	NW_022145613.1	0.1267	30226914	3	1745	0.3581151941433926
860	1.301444	NW_022145595.1	0.1267	949800	11	4409	0.11442548553459467
822	3.129952	NW_022145614.1	0.127	12994931	5	2526	0.4955376773883093
809	1.6022299999999998	NW_022145600.1	0.1273	15681228	8	3504	0.20472485916460859
807	4.7285580000000005	NW_022145601.1	0.1273	6435510	12	4870	0.6747287204158647
794	1.03585	NW_022145601.1	0.1274	7167767	12	4798	0.015296870381437752
750	2.1817944000000002	NW_022145612.1	0.128	21543494	1	211	0.3388138227177288
654	1.8530718	NW_022145610.1	0.1297	26283663	15	5650	0.26789224702515224
634	1.7394854000000002	NW_022145602.1	0.1303	7574668	20	6597	0.24042078794072458
586	1.31678	NW_022145572.1	0.1312	1256936	46	6840	0.11951322160786594
574	1.174164	NW_022145615.1	0.1313	8929970	4	1997	0.0697287607282183
526	14.796853399999998	NW_022145607.1	0.1325	35126209	9	3783	1.170169371049872
511	2.9299939999999998	NW_022145611.1	0.1329	31804239	2	956	0.46686673101296283
442	21.272370000000002	NW_022145611.1	0.1348	29836645	2	1345	1.327815878270522
420	1.526078	NW_022145614.1	0.1353	8236335	5	2344	0.18357673158994617
410	1.6276418	NW_022145615.1	0.1356	34612471	4	1978	0.21155883458272123
397	2.352696	NW_022145611.1	0.136	30457285	2	1216	0.3715658141068038
387	3.7295059999999998	NW_022145612.1	0.1364	7189236	1	623	0.5716513101780665
376	1.16547	NW_022145598.1	0.1369	12294292	16	5826	0.06650109896157942
355	1.1514484	NW_022145603.1	0.1377	18159912	17	6013	0.0612444806438186
276	1.4563443999999999	NW_022145595.1	0.141	3402361	11	4628	0.16326409017805343
275	1.0367694	NW_022145599.1	0.141	23120271	7	3398	0.015682170618280103
216	2.4433160000000003	NW_022145611.1	0.144	41504979	2	836	0.38797963896741866
213	1.066326	NW_022145600.1	0.1442	19229910	8	3592	0.027889998646265287
202	2.48355	NW_022145612.1	0.1448	50242120	1	655	0.3950729078406072
193	1.8088554	NW_022145602.1	0.1459	8726586	20	6556	0.2574038507226698
147	1.594652	NW_022145612.1	0.15	43434779	1	739	0.20266592189508162
132	1.382512	NW_022145603.1	0.1516	30138780	17	6006	0.14066890960506503
120	2.1973402	NW_022145596.1	0.1527	26539146	6	2769	0.34189730113753236
100	1.213802	NW_022145603.1	0.1553	26343419	17	5999	0.08414784874865514
96	1.3058999999999998	NW_022145599.1	0.1562	23070922	7	3375	0.1159099218770607
32	46.59352199999999	NW_022145615.1	0.1668	25383710	4	2233	1.668325539968573
17	1.4565804000000002	NW_022145598.1	0.1732	416271	16	5673	0.16333446171524763
1	1.036662	NW_022145613.1	0.195	22684111	3	1852	0.015637179279383465
