chr,gene,hol,pos
NW_022145609.1,LOC100893695,intron,11963040.0
NW_022145609.1,NA,pseudogene,11963040.0
NW_022145597.1,LOC592256,3'UTR,22428600.0
NW_022145597.1,LOC115922497,intron,22428600.0
NW_022145613.1,115919812,lnc_RNA,11003998.0
NW_022145613.1,LOC754028,exon,11003998.0
NW_022145594.1,LOC762552,intron,33217229.0
NW_022145594.1,LOC115918427,3'UTR,33217229.0
NW_022145613.1,115919812,lnc_RNA,11003598.0
NW_022145613.1,LOC754028,intron,11003598.0
NW_022145614.1,LOC105436540,intron,18968401.0
NW_022145614.1,LOC115920337,intron,18968401.0
NW_022145613.1,115919812,lnc_RNA,11004012.0
NW_022145613.1,LOC754028,exon,11004012.0
NW_022145609.1,LOC100893695,intron,11961468.0
NW_022145609.1,NA,pseudogene,11961468.0
NW_022145613.1,LOC587222,intron,21044448.0
NW_022145613.1,LOC582309,intron,21044448.0
NW_022145615.1,LOC579170,intron,7264718.0
NW_022145615.1,LOC100890649,exon,7264718.0
NW_022145615.1,LOC592490,5'UTR,22620383.0
NW_022145615.1,115920731,lnc_RNA,22620383.0
NW_022145615.1,LOC105442957,exon,34459263.0
NW_022145615.1,LOC105445269,intron,34459263.0
NW_022145599.1,NA,alternative UTR,29446104.0
NW_022145599.1,LOC105446125,3'UTR,29446104.0
NW_022145597.1,LOC592256,3'UTR,22428698.0
NW_022145597.1,LOC115922497,intron,22428698.0
NW_022145596.1,LOC588915,intron,12412964.0
NW_022145596.1,LOC115922230,3'UTR,12412964.0
NW_022145611.1,LOC574700,intron,34760686.0
NW_022145611.1,LOC753509,intron,34760686.0
NW_022145610.1,LOC592718,intron,976970.0
NW_022145610.1,LOC100889625,intron,976970.0
NW_022145611.1,NA,pseudogene,28554559.0
NW_022145611.1,115929453,lnc_RNA,28322069.0
NW_022145611.1,LOC575373,intron,28322069.0
NW_022145611.1,LOC574700,intron,34759685.0
NW_022145611.1,LOC753509,intron,34759685.0
NW_022145599.1,LOC100888087,intron,5075167.0
NW_022145599.1,LOC578478,intron,5075167.0
NW_022145596.1,LOC584514,exon,29245334.0
NW_022145596.1,LOC593885,intron,29245334.0
NW_022145595.1,LOC100891013,intron,25069341.0
NW_022145595.1,LOC115921766,5'UTR,25069341.0
NW_022145599.1,NA,alternative UTR,29446141.0
NW_022145599.1,LOC105446125,3'UTR,29446141.0
NW_022145615.1,LOC585848,intron,10801906.0
NW_022145615.1,LOC100891838,intron,10801906.0
NW_022145611.1,LOC753295,intron,43244072.0
NW_022145611.1,LOC100890212,intron,43244072.0
